seed,level,RMSE,degradation
0,0.0,9.126705995883944,0.0
0,0.01,9.128172349616325,0.000160666261523
0,0.02,9.132878259513632,0.0006762860151812
0,0.05,9.165963799918698,0.0043014209126992
0,0.1,9.279338423298174,0.0167237147206302
0,0.2,9.686485474113256,0.0613342292916814
1,0.0,9.0265884470297,0.0
1,0.01,9.028413170837393,0.0002021498840234
1,0.02,9.033617240278936,0.0007786766052848
1,0.05,9.069036030294074,0.0047025056601912
1,0.1,9.189613421746616,0.0180605303624497
1,0.2,9.636922560205509,0.067615147932954
2,0.0,9.061219450097967,0.0
2,0.01,9.062447964134474,0.0001355793271833
2,0.02,9.066485484068416,0.0005811617298805
2,0.05,9.09502130116734,0.00373038653964
2,0.1,9.193855215927066,0.0146377390548313
2,0.2,9.56158017791306,0.0552200209442759
3,0.0,9.001517437559054,0.0
3,0.01,9.00295731909112,0.0001599598669952
3,0.02,9.008192153835443,0.0007415101201202
3,0.05,9.04593174638231,0.0049340912942008
3,0.1,9.176982073858026,0.0194927841351328
3,0.2,9.657221782915002,0.0728437566115247
4,0.0,8.863159187016429,0.0
4,0.01,8.864068017610313,0.0001025402539553
4,0.02,8.868176286732204,0.0005660622369421
4,0.05,8.899433008411037,0.0040926514608634
4,0.1,9.011755304213525,0.0167655927262111
4,0.2,9.43771803190765,0.064825513427863
